demuc,file
Đề mục 1.1,55323c64-e78f-4537-afcd-6a3c2af3c71d.html
Đề mục 1.2,84a4b90e-6b07-41ca-919d-759cfb657f3f.html
Đề mục 1.3,68079655-45cb-43a1-8c03-6603a7c52ec6.html
Đề mục 1.4,8b06986b-89cf-4a8d-8a2f-e14ff9e3123e.html
Đề mục 1.5,e499d586-a641-4a44-8591-7814730dc583.html
Đề mục 1.6,18b6dee2-0ff9-4cb7-b2b4-fb6ee352013e.html
Đề mục 1.7,7ca2c60d-7e8f-4604-b622-7d297acd506f.html
Đề mục 1.8,74d84211-de1e-44b4-b2c2-976d87c3190b.html
Đề mục 1.9,53892a89-6ea2-44c2-8f84-840fab0e8c47.html
Đề mục 1.10,e071327d-c715-4ad2-9dd7-e8c2aa4e912a.html
Đề mục 1.11,1fd42d83-9d78-4dd4-b6b6-73e9bd3472e1.html
Đề mục 1.12,f0f0c740-cb1f-4013-b5bc-9e14672d586d.html
Đề mục 1.13,7fe4f772-662c-4807-b5b3-d259807e94a4.html
Đề mục 2.1,c8ba5bc7-224a-4f31-8d92-567613f68ca9.html
Đề mục 2.2,583b913f-4d4b-46da-911c-112342c6ea49.html
Đề mục 2.3,4b27a678-6cea-4635-9bf3-4f3655ca74af.html
Đề mục 3.1,66c59035-9acd-430a-affd-86563bc7ce77.html
Đề mục 3.2,82e15104-9b5b-4b48-94f2-4ab37fc8e8a1.html
Đề mục 3.3,7812bcbd-b493-41bd-9787-2589fde15e8f.html
Đề mục 3.4,aac1fa20-8498-4c00-b5f3-a9c1a75b0df1.html
Đề mục 3.5,29b3d08e-82e7-404c-8607-26db1a607f84.html
Đề mục 3.6,a20d4a54-701d-4ef7-9593-75068883d1d9.html
Đề mục 4.1,e7b9346d-dea5-49c5-a166-bd41599dd9e7.html
Đề mục 4.2,c2d76287-6995-4aed-8dfa-c3029a2e24e2.html
Đề mục 4.3,fed3bc5b-86a8-41a4-a1b6-2a47e30c77d1.html
Đề mục 4.4,d762a424-dab9-400c-b04f-9a03fe7085fa.html
Đề mục 4.5,d4bc3980-2c1f-4dfc-b2e9-0943e6aa611d.html
Đề mục 4.6,22caf491-de7a-428a-888a-ed629c7f7a35.html
Đề mục 5.1,e6c9c518-5eb6-4bee-a980-e144e80fc213.html
Đề mục 5.2,1e2a6395-d769-4414-bf58-53b250c89583.html
Đề mục 5.2,bc6d8c20-c34f-4bd7-a17d-0f29f1abb7ac.html
Đề mục 5.3,a90329db-1e81-4442-af57-d69748e5bdb7.html
Đề mục 6.1,3a8413a9-7763-4a9b-93f8-dd5f18ba1594.html
Đề mục 6.2,f4428e88-cf73-4d8f-920d-ae402512fe94.html
Đề mục 6.3,bacdbd85-9876-46f4-a7e7-3575950d10f7.html
Đề mục 6.4,3ab62963-aeea-43da-b7b9-209ebdb37946.html
Đề mục 6.5,0dc5ba03-9284-4d66-88c9-d24c3ce5b1fe.html
Đề mục 7.1,f7d0fe22-a98a-4ae1-922a-d88a7970be32.html
Đề mục 7.2,6ae40c23-0862-4cc6-9faf-a6591febd46e.html
Đề mục 7.3,b10f42da-f79a-463d-98e0-cffc1df99fda.html
Đề mục 7.4,4342e880-6160-4d52-85ba-671ad605adae.html
Đề mục 7.5,19cf24e0-40e1-4a77-b7d6-977575e0e5f2.html
Đề mục 7.6,c56140e5-f4ce-4cbd-ac38-a4e2cd3f4169.html
Đề mục 7.7,913b88fd-89da-4fc5-8268-477ae6d71bac.html
Đề mục 8.1,23e1929c-6151-4f15-9d67-11d4f7964dc8.html
Đề mục 8.2,83242e4c-1738-4140-afe5-a5d4f0b8d776.html
Đề mục 8.3,c57132ec-b2a3-4e38-9433-afd6cc770a8c.html
Đề mục 8.4,4913a1cf-5f78-471c-a807-ed5f8c57aaee.html
Đề mục 8.5,dae8ac70-fd7f-41ed-84e8-90980ae92475.html
Đề mục 9.1,eb0e4753-243e-4344-90e6-70aaf5188a6d.html
Đề mục 9.2,176d1e26-86ea-43d0-a30b-0436225de492.html
Đề mục 9.3,9fbd9627-0235-4d28-92c7-e4b4c6e96577.html
Đề mục 10.1,049522e0-fec2-4d52-916d-dd103ba69627.html
Đề mục 11.1,06936689-e896-45ee-9486-99b9370f31bc.html
Đề mục 12.1,319387a3-090a-47a5-82f6-a9bacbe5d341.html
Đề mục 12.2,2cf19c6c-277f-4f20-820f-e8caf00fe650.html
Đề mục 12.3,4a142ced-63ce-410b-9bfd-60923fd10bc1.html
Đề mục 12.4,1dc74584-acb9-4572-95f5-3e46bb5524d2.html
Đề mục 12.5,8bf5b97d-4c67-45ea-92b7-d2e2c28bca6a.html
Đề mục 13.1,cd978e77-1991-4698-a663-ad2013c7a9f1.html
Đề mục 13.2,cff88bae-70b7-4ad7-84ca-cdeecfaf89aa.html
Đề mục 14.1,bac21193-4c90-4e8c-a274-ffce8648c505.html
Đề mục 14.2,a2005eb5-2c8c-4ca0-910d-8d73efabab5a.html
Đề mục 14.3,024d0bdb-4439-40e4-90ae-f3525f58351b.html
Đề mục 14.4,c9269682-f64e-4a54-a352-98e10cadaf26.html
Đề mục 14.5,5679c4d3-5ccc-4bd8-8ed9-e849a866f444.html
Đề mục 15.1,0d5b64ca-267f-4cb9-9400-63448387b0d6.html
Đề mục 15.2,4872e9d9-201e-4ef6-bab9-e49d7e505f0c.html
Đề mục 15.3,d0a39796-1eb4-4862-972b-87d5ad87ae2c.html
Đề mục 15.4,a2284f91-14b5-47f5-b05d-51bf84d8a561.html
Đề mục 15.5,8fcdd797-43ee-4c72-924d-119a7395ed59.html
Đề mục 15.6,ff9bd05c-2e15-4b95-9b1c-26dbd5684060.html
Đề mục 16.1,bcc2a59a-ccbe-4739-afd4-f45811a15122.html
Đề mục 17.1,f5a43ce4-3b6e-4fc6-8c1e-eb7222d51d27.html
Đề mục 17.2,1261f60d-7916-4275-a63d-da426d1a955d.html
Đề mục 17.3,4f1e7688-a75f-471f-b053-75eab7c11188.html
Đề mục 18.1,673fcdfe-cda8-43aa-b3b9-f3e1e4710027.html
Đề mục 18.2,d9e2a674-7659-4e9d-9cdd-5aa21a50cb69.html
Đề mục 18.3,af0d43c4-2550-49ed-b13a-11ca72d1028c.html
Đề mục 18.4,d23549c3-e7ec-4158-9864-35fc6aefc1cc.html
Đề mục 18.5,bc9a9ade-0c9f-43cc-8cc2-8c69773d163e.html
Đề mục 19.1,47316aca-6f15-49c8-b604-5a6c87351849.html
Đề mục 19.2,22643fdd-9668-4407-968a-ceac2101f1a0.html
Đề mục 19.3,527141b6-8429-4502-868e-f34c7b180e0c.html
Đề mục 19.4,41685e38-e7ab-4c85-a35e-fb1557319a78.html
Đề mục 19.5,30eb5989-103c-41de-9b52-3047233f2d9f.html
Đề mục 19.6,316fd577-4857-4351-aa3e-ad9eba3ceaaf.html
Đề mục 19.7,ecc7fc57-1135-48c4-8472-3ecaa5427829.html
Đề mục 19.8,f48e34a3-d808-406e-911d-c5b9fd05e693.html
Đề mục 20.1,985838c2-d5e2-423d-9253-7f95ea82af57.html
Đề mục 20.2,2efd8c6f-509f-4207-84b6-6b22ff780f2a.html
Đề mục 20.3,70094636-89bd-45c5-90d2-14e1c13e8621.html
Đề mục 20.4,916a0b51-9d2e-4256-be6e-14c2e4b059ae.html
Đề mục 20.5,b10e4fa0-bfe1-42c1-8ff0-0af74ec834ed.html
Đề mục 21.1,c20ba1de-f6cb-4b91-9d2c-05eabd8e0c2e.html
Đề mục 21.2,ff7a2466-8f89-4d2b-9031-b99e8ca02a4a.html
Đề mục 22.1,93c2e70c-57d6-4c12-8911-b345dcb69597.html
Đề mục 22.2,d8e4a3a0-254c-4593-967c-214ae12bcb0f.html
Đề mục 22.3,2afc8615-c2a3-4d3a-b77a-fd4f71142375.html
Đề mục 22.4,3fc237d4-1e47-4b5e-a651-aa7e2002bc48.html
Đề mục 22.5,da0b1767-9a75-469a-b2d9-47038a564c65.html
Đề mục 22.6,6b4d44e7-dd9d-4879-bab2-c8c46de13d06.html
Đề mục 23.1,c281cd7b-893d-4490-b9da-b226d670363c.html
Đề mục 23.2,41bd48e0-70b5-4e06-8a55-6fae3449472f.html
Đề mục 23.3,c8ac5011-9b1f-4056-943c-e38b120b88c4.html
Đề mục 23.4,59d6a8e8-a660-4c2e-b438-50123aee8ce2.html
Đề mục 23.4,d87ac709-a919-4bdb-8777-9696f549c433.html
Đề mục 23.5,11be5109-f55e-41ed-b890-0168cc4aacbc.html
Đề mục 23.6,a1971a0f-7216-4ee2-b312-9b376f35fbd8.html
Đề mục 23.7,7d8d6ae7-3937-4b64-aa21-9f5260ea2a31.html
Đề mục 23.8,04e3798c-9ab3-4896-a06a-dbc630f8d59c.html
Đề mục 23.9,7bafb7cc-e2e8-4dc1-8a43-6ce1b5015e9c.html
Đề mục 23.9,caa9cca3-02cc-4751-b79c-6e668f6b5e37.html
Đề mục 23.10,b60f2225-2af4-4339-9980-3e1a78bc9ea5.html
Đề mục 23.11,3ed8ea3a-aaad-4012-a348-630079ea8834.html
Đề mục 23.12,a00dc7cc-0fdb-4553-a3b6-9984e9a9d196.html
Đề mục 24.1,9692aa2c-e220-4b39-9385-c1b837149556.html
Đề mục 24.2,ad9817c1-1032-4748-97f7-fd4db42fd04e.html
Đề mục 24.3,fbbe39e6-c4bc-41d7-ad09-af874ca0893c.html
Đề mục 24.4,74254489-5f53-472e-978a-f6af98103323.html
Đề mục 24.5,d92bb10f-899d-478f-a0c3-605cce865129.html
Đề mục 24.6,427ac7e7-cae1-474a-9284-28eeada93cd6.html
Đề mục 24.7,c0ed6aee-d94b-4d9c-8af8-d51501df344e.html
Đề mục 24.8,d6bb8050-369a-41fb-b2ad-11dc28ebd3b8.html
Đề mục 24.9,9b1d96e2-feb2-4e7f-824b-b50ed8ee2a7a.html
Đề mục 24.10,2162aa7c-d532-413b-8704-b82973267484.html
Đề mục 24.11,044627ad-52ff-4294-90d6-8b129b705963.html
Đề mục 24.11,fbe36156-5fe3-4ddd-a36a-4052eb2f6be0.html
Đề mục 24.12,2fe0aa65-9b7f-4df7-859e-a5aab478512d.html
Đề mục 24.13,a3eb99fa-1160-42b1-90ff-39fe66fd4f85.html
Đề mục 25.1,b444d15f-0b38-474b-bf13-5188e9a517bb.html
Đề mục 25.2,4e35f01e-45ff-4fc6-a105-37b0a7de5979.html
Đề mục 25.3,526b44e7-b7f6-49dc-86fd-062aeae93568.html
Đề mục 25.4,3ed05e51-5d2b-483a-a770-238f62a6ad25.html
Đề mục 25.5,74c5ded7-629a-4da1-b2ed-f8f29866d114.html
Đề mục 25.6,a6942cbd-cf83-4f3f-b314-27a25a014442.html
Đề mục 25.7,3049f520-19c1-439b-ab42-3994f94824cc.html
Đề mục 25.8,1a6472e3-9daf-4b62-b672-1f0dd9f8450f.html
Đề mục 25.9,ca22c0ee-5a52-4a85-bfe6-06919ef05ce7.html
Đề mục 25.10,995b0a50-c2a1-45d8-baf6-a0b02c7821cf.html
Đề mục 25.11,9bd8b88d-65b4-44e2-b4b0-34c74810af4a.html
Đề mục 25.12,fa959814-d73c-4253-8857-795185e44d16.html
Đề mục 25.13,97b77c60-c651-4741-9728-b69544031858.html
Đề mục 25.14,d8bc3d2e-b1e3-4023-a2dd-23005a3ca616.html
Đề mục 25.15,a19e4401-8e66-438e-9f76-f769826ebbe3.html
Đề mục 25.16,87ed8af5-652f-4b67-8ce0-26632dc76ef6.html
Đề mục 25.16,a961acf6-a158-4092-90f0-2eaae8369800.html
Đề mục 25.16,bd2ff552-4422-4a34-bca1-50f21240fa4a.html
Đề mục 26.1,e982aa33-8e27-4d94-99e9-b513b6993c6d.html
Đề mục 26.2,db2f0e24-579c-40dc-ba36-8a3f27dddffb.html
Đề mục 26.3,c9f81fd6-ecf4-4c63-a44c-6d59a4daac9c.html
Đề mục 26.4,28115daa-9d22-4d88-8690-c08d3c85b96f.html
Đề mục 27.1,12f7dcb6-5ab4-4b7e-a248-2a5e09c113f5.html
Đề mục 27.2,a6f7334f-42bb-4437-a03f-e6a04816dc9c.html
Đề mục 27.3,07929ef0-f5ac-4870-886c-2e8195fa39f4.html
Đề mục 27.4,ae3606a8-ef39-4d23-a46e-becbc1f86038.html
Đề mục 27.5,2b14c823-f513-4350-9d72-94a30840c722.html
Đề mục 27.6,8585b6f4-56c8-457e-afd1-c8e17d60afcb.html
Đề mục 28.1,18250665-85b4-4ab9-b862-4eb8afbde3fa.html
Đề mục 28.2,f601c67b-6eec-4cc8-9f5a-848dcd4e2329.html
Đề mục 28.3,dc9295ff-6fda-47b1-854e-4cc831d036da.html
Đề mục 28.4,aeb7c71a-4628-4414-bc92-b822e26bd237.html
Đề mục 28.5,1be13677-e642-46c3-9f06-1f9510c3ee84.html
Đề mục 28.6,e30822e9-e0e3-4359-9866-bc8892d06202.html
Đề mục 28.7,9307592e-075c-4fed-ae43-f64ba345399c.html
Đề mục 29.1,467d54d1-b81e-49a0-a066-21e2c9b191fc.html
Đề mục 30.1,4062b86e-ef5c-4ea4-af09-45d8b23978d2.html
Đề mục 30.2,7434b4be-95be-4913-b9a4-7d67671c4466.html
Đề mục 30.3,f549c597-2521-4480-bc28-505b06f2e22f.html
Đề mục 30.4,47d2af30-c19b-4481-a0e1-47045635b0a3.html
Đề mục 30.4,669be92e-f0d5-4aa5-a6c9-4c9817a8fe40.html
Đề mục 31.1,13bbc44f-b9ad-49f2-b66b-65da10d2dd34.html
Đề mục 32.1,78cd97a5-7ff4-48b4-affc-42cd96aeec18.html
Đề mục 32.2,24a6c4d2-66f1-4e91-b25e-5526c4f71ae9.html
Đề mục 32.2,c1ceaaf5-7a2d-4763-9a40-9a5c5a2d183c.html
Đề mục 32.3,3c2e5819-1141-455c-a5a6-1597ea904830.html
Đề mục 32.4,3f44200e-79eb-4b26-b2fe-024109b0ce0a.html
Đề mục 33.1,e5ca7d0c-8da3-49f6-b631-e061b904c687.html
Đề mục 33.2,554293de-37dd-4111-896d-420469f81e92.html
Đề mục 33.3,f607aadf-fb26-4b0e-bc95-276da24e5b5d.html
Đề mục 33.4,7aa2408a-41e6-4271-99e4-7b85a55ba7d6.html
Đề mục 33.5,7c82e103-c4c2-4dbe-8ce1-3710f38bfc16.html
Đề mục 33.6,ccc43f43-94e8-47f7-a669-677d5a9e3c08.html
Đề mục 33.7,74578908-a474-48ba-a2e1-488ce45475aa.html
Đề mục 33.8,059ac230-9bb7-4445-b8e1-20819540ccd9.html
Đề mục 33.9,aec013b7-861e-4925-be1f-a8a2469346e4.html
Đề mục 33.10,ab116df3-d3ed-4a95-95bf-0d6b8962e724.html
Đề mục 33.11,db87752b-26a5-4f34-8dc2-bd8e6a823c21.html
Đề mục 33.12,2e267ed0-726e-456e-b9be-4fd43101bdf7.html
Đề mục 33.13,4b478410-d0e7-4487-9d32-889cd067b4fb.html
Đề mục 34.1,3284cd8d-f598-48ea-b425-53e118893530.html
Đề mục 34.2,6b408d5f-24e1-4144-8bf6-123e3225f567.html
Đề mục 34.3,a5dd4141-f13c-40f3-802d-a6175684bb0a.html
Đề mục 34.4,a1df366a-8d87-4f3f-9aa9-2a14ab8c2a3a.html
Đề mục 34.5,d41ae77e-7fa3-4db3-b810-d4019ad6db18.html
Đề mục 34.6,fa4dfe9e-3948-4137-8164-88c8612fa68d.html
Đề mục 34.7,d5ad4f7a-8411-47ad-a46a-1c6d6dfd46b2.html
Đề mục 34.8,7e3aa61c-90f6-4d9d-9cc7-522ed4a5cea2.html
Đề mục 34.9,6d681037-f829-4df0-be87-0d964f5141a4.html
Đề mục 34.9,a7598f56-47fc-48c0-855f-30e4a34cb4f5.html
Đề mục 34.10,3bcee07e-6c24-43df-9c31-c8850ed610a8.html
Đề mục 34.11,c8606224-625f-4a7c-9054-b81d95af4068.html
Đề mục 34.12,1acc68c2-3a9e-4a00-b5f2-74a47a31b7ae.html
Đề mục 34.13,60e61f6a-bddb-4e43-94a0-59e153947e7a.html
Đề mục 34.14,9d6584a0-df4f-4235-8661-3ae7f788053f.html
Đề mục 35.1,3285256c-25e1-4621-afdc-647fbdd766ea.html
Đề mục 35.2,414ba2e8-f259-4b94-a478-102ba6e5a180.html
Đề mục 35.3,29f5421a-be82-4114-9002-8d58cef7f0fa.html
Đề mục 35.4,7b384cc2-bbb1-436c-a9fb-35487e6dc2ae.html
Đề mục 35.5,32791cd9-b864-47f1-aefa-bd5d57cd3202.html
Đề mục 35.6,ee26521a-9b59-4b41-898b-0ffe23805c9a.html
Đề mục 35.7,11c45594-f8b8-4299-9b1b-ee6c01f943e5.html
Đề mục 35.8,b22e0b0a-4de6-4d97-8f57-5a8f4d4a9b09.html
Đề mục 35.9,472928db-3e71-4968-934b-5c4d9720e40e.html
Đề mục 35.10,7d0dfc81-bcee-4437-9236-9066a6f45d3f.html
Đề mục 35.11,e30bae87-de7f-4082-b4da-a4ace65447a0.html
Đề mục 36.1,fc3ab628-e974-4615-9209-270bd558b40e.html
Đề mục 36.2,62aa0284-6ac0-4c02-8504-945335930df9.html
Đề mục 36.3,012d9b93-c11d-48b6-b08e-14d77515ca1e.html
Đề mục 36.4,9d3b3dad-7259-40ca-a446-261a7e528988.html
Đề mục 36.5,213aa299-188e-4c1d-af68-ba87a99d849b.html
Đề mục 36.6,2bcac534-554f-47d3-b299-bd9cfc1b92d5.html
Đề mục 37.1,fe2f89c2-15c9-4a77-bdf8-f4898d545be7.html
Đề mục 37.2,3e044577-82d7-4a50-b5ed-42a1231c6f80.html
Đề mục 37.3,62ca4694-ef40-4288-8ab4-e7098e95cd5c.html
Đề mục 37.4,be7352a9-a7bd-40e6-86cc-86e18772a8fe.html
Đề mục 37.5,2a0ee4ce-22b7-4228-902b-c91c426ec79f.html
Đề mục 37.6,7cdd63fb-16ea-4ed4-bf3c-6529a021b3d2.html
Đề mục 37.7,0e10d80f-a915-4cc9-999c-99eaefed23d0.html
Đề mục 37.8,6d281129-df44-468d-91ef-0e75fa435310.html
Đề mục 37.9,3c3bfd95-920c-404d-82f9-c95af4d8b4e1.html
Đề mục 37.10,09fb5301-812d-4630-8f9a-9c8cac67a21c.html
Đề mục 37.11,6d1742f8-bf8d-45f2-a18b-44fa107c360a.html
Đề mục 37.12,1a57cf9e-7470-4872-ab8e-19658d465dc5.html
Đề mục 37.13,648b0c74-76a8-45ea-b1b6-2ce7c08f5043.html
Đề mục 38.1,4b6f90cb-015c-4cdd-9c87-b8ecc0470fdb.html
Đề mục 39.1,eeffe922-dc02-4aef-89a3-3f26e19a2e62.html
Đề mục 39.2,e51fdb4d-9c73-44bc-9fae-10c4cde48953.html
Đề mục 39.3,6a501e4a-ba3f-40e2-902f-af4a52b14bb4.html
Đề mục 39.4,4920f114-9be7-403d-8de8-4d9340680d4e.html
Đề mục 39.5,cf43428f-7076-42b8-b0ef-678f73203eef.html
Đề mục 39.6,a69013cd-2792-4838-8fac-76a54ec31022.html
Đề mục 39.7,05a9e8b3-09c8-4c0c-a99e-117a864efe3d.html
Đề mục 39.8,20c13bd9-9dee-45c7-a6f5-11d531e74da8.html
Đề mục 39.9,9fcc00f2-817c-4857-9347-1a65efa9c0cd.html
Đề mục 39.10,cf97fc4b-c101-4750-a556-063f0d29e520.html
Đề mục 39.11,e3dbc67f-7664-4196-b4b9-a785a0075b2a.html
Đề mục 39.12,f459bbbc-e15c-416d-b9f4-086464028e0f.html
Đề mục 39.13,9d9a7001-0799-4bd8-8c31-964f9a7b9603.html
Đề mục 39.14,51ae5342-6f32-4eaf-9b8b-01add97cbee4.html
Đề mục 39.15,0aeb67ae-9e3e-42c0-830e-33cc254cf384.html
Đề mục 39.16,6253effb-3357-41d8-b22c-f81f24361e83.html
Đề mục 39.17,6c89ce43-0cc2-43c1-a456-54a982c64c8c.html
Đề mục 40.1,e8e1515c-249d-4a9b-af30-ac0d8a3aac7d.html
Đề mục 41.1,ed278a00-f167-476a-8719-bffc8cb3a4c8.html
Đề mục 41.2,f79b4160-3a6b-4eb2-8854-ac95a79a0b81.html
Đề mục 41.3,da2154d2-f8c9-434c-b94c-e17fea6bc416.html
Đề mục 41.4,02ffb112-0020-4201-a689-eb3c4b60d1a9.html
Đề mục 41.5,26f7a2a3-4962-4fda-852b-49da69886c12.html
Đề mục 41.6,68aef5c8-dbb5-4e57-9d86-564d971b622a.html
Đề mục 41.7,2f7bed93-ec8e-4d43-9111-7f1caa9cc74f.html
Đề mục 41.8,b8f68141-2d67-4c85-886c-58a9bbf45472.html
Đề mục 41.9,5f523176-05b6-4d4e-903d-a12faffaa759.html
Đề mục 41.10,410d4005-c2b8-4f05-b9c0-96ec01b866d7.html
Đề mục 41.11,8e9f6ba1-5870-479a-8030-0fa7c13c2d1a.html
Đề mục 41.12,956c36d8-0ced-4865-a298-51759c932274.html
Đề mục 41.13,8235ccff-cbf5-4e10-a1a5-20842940408f.html
Đề mục 41.14,c78e4b28-0d12-4211-98a5-47fbbd144f7b.html
Đề mục 42.1,59750dbc-0ac3-4d75-928e-18983dc7ecf6.html
Đề mục 42.2,76b5a1aa-cc76-45cf-9e54-837937d1a754.html
Đề mục 43.1,295ceaf7-684c-42a9-9f57-c60ff5581bcc.html
Đề mục 43.2,d1ac30ec-b37c-448d-90c2-cf94b0794564.html
Đề mục 43.3,fcd37748-c924-4971-9ce2-a63754a138b0.html
Đề mục 43.4,ea9167c8-2106-4c53-b57d-1244d9604b71.html
Đề mục 43.5,178b89ce-ae3f-4a79-9785-467a03ed47e5.html
Đề mục 44.1,87ca311f-a832-430e-993a-ffef40ef4043.html
Đề mục 44.2,ae5932bb-132b-4ac1-8231-ae7812efcdb3.html
Đề mục 44.3,62a101f0-01c7-41a9-b6b9-a4c04a4bb34b.html
Đề mục 44.4,ab2a3ec6-2176-4dac-a836-cde2cae944b1.html
Đề mục 44.5,606f1686-5fd0-4a16-aa1b-21acef306e78.html
Đề mục 44.6,34708b80-eee9-443c-aa12-de41c9afebd5.html
Đề mục 44.6,9a0e0abb-24e0-4cf1-95a0-9597195ae845.html
Đề mục 44.7,59a38639-f218-4f4d-872e-c2d9f9a69dd0.html
Đề mục 44.8,34030833-66c0-4966-9dff-1f02e805d94f.html
Đề mục 44.9,96d672a7-a611-424b-bbf5-31467640284c.html
Đề mục 44.10,18c03099-0cb1-433e-ace2-68b646075d1e.html
Đề mục 44.11,93811189-2f4e-4bb7-90ce-cd15c0a093b7.html
Đề mục 44.12,87bb6177-4c03-4173-8a12-9a75337bb2e0.html
Đề mục 44.13,f9c15fe6-0ef1-4870-959e-d0cf1a2deb41.html
Đề mục 44.14,6e01ee92-35fd-4279-9b99-695c406b0785.html
Đề mục 44.15,b892dee4-ee6e-4228-988f-7101b89443de.html
Đề mục 45.1,0cf69ad9-6f29-4ee4-8e16-2c3aa65c3a52.html
Đề mục 45.2,e78855bc-bfb3-4c1f-8582-168945065e04.html
Đề mục 45.3,0b675c1b-8f59-429c-ac5f-cdfed4072cab.html
Đề mục 45.4,69c5de18-47ab-4e67-a069-08c27a6e1ba7.html
Đề mục 45.5,0abd54e4-923f-48a3-9f22-b9672dcf4185.html
Đề mục 45.6,7e486c5b-907f-4a92-9c0f-1742c0d013fb.html
Đề mục 45.7,a650d744-65b5-4ec6-a985-8a52d5e6a524.html
Đề mục 45.8,bfffac09-7a35-4529-8a83-5849b3267f3f.html
Đề mục 45.9,3cd17527-175c-446a-8b09-5c4cbfcb4f1f.html
Đề mục 45.10,f807bad9-3b81-41c5-bbc1-b4ab37a89431.html
Đề mục 45.11,e50cbcc9-5eb2-4a22-b6c4-2f08f2811fdb.html
Đề mục 45.12,0cf4f78c-b5f8-4618-8803-41a226c2ab84.html
